title|author
Meine Kindergarten-Freunde (Pirat)|Bianka Nadja Goylmonil
Meine Sticker-Tiere|Olivera Jovanović
Freundebuch - Einhorn-Paradies - Meine Freunde|Jens Hilbert
Fingerstempel-Spaß Kunterbunt|Fiona Watt
Fingerstempel-Spaß Tiere|Pia Pedevilla
Freundebuch - Handlettering - Meine Freunde|Viktoria Schlünzen
Endlich große Schwester|Riva Verlag
Trötsch Mein erstes Ausmalbuch|Trötsch Verlag GmbH & Co. KG
Meine Kindergarten-Freunde (Pferde)|Anita van Saan
League of Legends. Die Reiche von Runeterra|Odin Austin Shafer
Wow! Das Metallic-Stickerbuch - Abenteuer Unterwasserwelt|Andrea Erne
Der kleine Rabe Socke: Fehler finden mit dem kleinen Raben Socke|Nele Moost
Mein erstes Bastelbuch|Adelgunde Publishing
Erstes Zeichnen für Kinder ab 3 Jahren|Schulkönig Ausgabe
Superfreunde - Das Freundebuch|Annkathrin Dahlhaus
Kritzel-Kratzel-Osterspaß|Werner Schuder
Dreamworks Spirit Wild und Frei: Mein großes Malbuch|Annette Neubauer
Meine Kindergarten-Freunde (Dinosaurier)|Lucy Ve
Mein erstes Einhorn-Bastelbuch|Pia Deges
Mein Sticker-Pferdebuch|Otfried Preußler, Regine Stigloher
Endlich großer Bruder|Riva Verlag
Meine Freunde (Clevere Jungs!)|Emmanuel Bove
Mein erstes Feuerwehr-Bastelbuch|Nico Sternbaum
Marvel Helden zum Ausmalen|Diverse
Die Häschenschule: Die Häschenschule - Das Malbuch aus der Häschenschule|Fritz Koch-Gotha, Albert Sixtus
Fühl-Stickerheft: Mein Fühl-Stickerheft - Streicheltiere|Jan Fennell
Sticker-Lexikon. Tierkinder|Derek Harvey
Meine liebsten Wisch-und-weg-Bücher zum Schulstart|Dita Kraus
Der kleine Rabe Socke: Rätsel lösen mit dem kleinen Raben Socke|Nele Moost
Rätsel für den Schulanfang Erstes Schreiben|Doris Lang
Harry Potter: Willkommen in Hogwarts|Pemerity Eagle
LEGO® DOTS - 100 kreative Ideen ... für geheime Nachrichten|Andrea Baier, Tom Hansing, Christa Müller, Karin Werner
Meine Freunde - Einhorn|Einhorn Freundebucher Fur Madels
Harry Potter: Magische Requisiten Malbuch|Ian Nathan
Mein Sach-Stickerbuch Natur - Meerestiere|Hannah Watson
Freundebuch - Pferdefreunde - Meine Freunde|Sophie Sander
LEGO City Malspaß|Monika Finsterbusch
Paw Patrol - Kritzel-Kratzel-Buch|frechverlag
Meine Kindergarten-Freunde - Feen|Larisa Lauber
Backen mit PAW Patrol|verschiedene
Mein superdickes Kindergarten-Kreativbuch|Hartmut Bieber
Freundebuch - Nella Nixe - Meine Kindergartenfreunde|Barbara van den Speulhof
Mein Lieblings-Malbuch - Im Wald|John Lewis-Stempel
Mein Malbuch mit Malkasten: Wilde Tiere|Honey Badger Coloring
Mein Lieblings-Malbuch - Im Zoo|Pia Marietta, Pia Hintz
Freundebuch - Funny Patches - Meine Freunde|Panini
Feuerwehrmann Sam Sticker Album Set|Daniela Schreiter
Meine Kindergarten-Freunde (Fußball)|Beste Freunde
Freundebuch - Handlettering - Life is better with friends|Viktoria Schlünzen
Die Maus - Meine Kindergarten-Freunde|Rotraut Susanne Berner
LEGO® NINJAGO® Lexikon der Minifiguren. Neuausgabe|Arie Kaplan, Hannah Dolan
Mein Einhorn Freundebuch|Einhorn Freundebucher Fur Madels
Mein Arena Prickel-Block. Erdbeerinchen Erdbeerfee|Corina Beurenmeister
WOW! Das Metallic-Stickerbuch - Dinos|Alex Pohl
Freundebuch - Einhorn-Paradies - Meine Freunde|Jens Hilbert
Freundebuch - Meine Kindergartenfreunde|Sven Nordqvist
Malen nach Zahlen für Kinder: Unter Wasser|cloth. ly Malbücher cloth.ly Malbücher für Kinder
Bibi & Tina - Mein pferdestarkes Kritzel-Kratzel-Buch|Vincent Andreas
Der kleine Rabe Socke: Mein rabenstarker Vorschulblock|Nele Moost
Der kleine Rabe Socke: Alles echt logisch mit dem kleinen Raben Socke|Ulrike Maier
Mein Klappen-Soundbuch - Musik aus aller Welt|Lucia Fischer
Meine allerersten Freunde|Panini
Kunterbunte Ausmal-Fensterbilder - Tiere|Bine Brändle
100 Gute-Laune-Rätsel für die Vorschule|Ulrike Ulrike Maier
Meine liebsten Mitmachbücher: Dinosaurier|Fiona Watt
Meine Freunde - Ritter (mit Wendepailletten)|Jörg Hilbert, Felix Janosa
Schmuckpost für dich|Johanna Basford
100 Gute-Laune-Rätsel - Fahrzeuge|Ulrike Ulrike Maier
Malen nach Zahlen: Dance|Rick Snoman
Meine Freunde - Prinzessin (mit Wendepailletten)|Panini Books
Mein extrastarkes Mandala-Malbuch für Kinder ab 8|Topo Malbücher
Mein dickes Malbuch. Prinzessinnen|Fiona Watt
Magischer Mandalazauber - Feen|Anton Poitier
Elfen|Bernhard Hennen, James A. Sullivan
Mein extrastarkes Mandala-Malbuch für die Grundschule|Sammabu Edition
Glitzerzauber-Mandalas - Prinzessinnen|Markus Rex
Magischer Mandalazauber - Prinzessinnen|Hannah Diehl
Malen nach Zahlen ab 5 Jahren: Süße Tiere|cloth. ly Malbücher cloth.ly Malbücher für Kinder
Malen nach Zahlen ab 7 Jahren: Im Meer|Marc Calmbach, Silke Borgstedt, Inga Borchard, Peter Martin Thomas, Berthold Bodo Flaig
Mein Natur-Stickerbuch|Felicity Brooks
Tagebuch - Pferdefreunde - Mein Tagebuch (blau)|Thea Roß
Meine Freunde (Lamas)|Christoph Martin Wieland
Ren Dhark - Weg ins Weltall 98: Gedankenkontrolle|Andreas Gruber
Mein erster Schultag|Anne Haas
Freundebuch - Meine liebsten Freundinnen und Freunde (Prinzessin Lillifee)|Annet Rudolph
Dragons: Drachenbasteln leicht gemacht|Emily Stead
Meine Kindergarten-Freunde|Katja Senner
Tagebuch - Funny Patches - STOP|Bernd Oestereich, Claudia Schröder
Mein Sticker-Bauernhof|Jessica Greenwell
Mein erstes dickes Malbuch Bunte Tierwelt|CaravaneArt Press
Mein erstes dickes Malbuch Frühling|Ali Smith
SUPERLESER! SPEZIAL Spider-Man A New Universe Das offizielle Buch zum Film|Diverse
Mein erstes Schneide + Bastelbuch, m. kindersicherer Schere|Albrecht Beutelspacher, Bernhard Petri
Mein erstes Bastelbuch mit Schere|Nico Sternbaum
DIAGNOSE F|Hermann Wilbrand
Mein Kritzkratz-Freundebuch|Ars Edition
Trötsch Mein erstes Fensterbuch Ostereiersuche Pappenbuch|Ursel Scheffler, Iskender Gider, Hermien Stellmacher
Kalle kennt die Farben|Klara Holm
Malen nach Zahlen junior: Bauernhof|Katja Reider
Malen nach Zahlen junior: Ostern|Sujatha Lalgudi
